Model,Accuracy,Precision,Recall,F1-Score,AUC-ROC,Run
BERT + LSTM,0.7715323137709482,0.641276678474898,0.6972065594021378,0.6424202651180178,0.6972065594021378,15.5
Naïve Bayes + TF-IDF,0.5982766734458911,0.6198762553578944,0.7250175496936928,0.5506535074696589,0.7250175496936928,15.5
