Dataset,Wilcoxon p-value,Paired t-Test p-value
tensorflow,1.862645149230957e-09,9.36469271608248e-19
pytorch,0.0005548261106014252,0.00011649231242785477
keras,2.60770320892334e-08,3.6019548986408213e-09
incubator-mxnet,2.60770320892334e-08,4.5218271010105677e-10
caffe,3.725290298461914e-09,1.7063093175897005e-09
Combined,9.90256667137146e-05,7.399924399534328e-06
Overall Average,0.00010898491988579433,2.064966621238606e-05
